{"state52": [], "state10": [], "index": [], "state221": [], "state344": [["xpath /HTML[1]/BODY[1]/DIV[1]/DIV[4]/FORM[2]/TABLE[1]/TBODY[1]/TR[2]/TD[6]/A[1]", "xpath /HTML[1]/BODY[1]/DIV[1]/DIV[4]/I[1]/A[1]", "xpath /HTML[1]/BODY[1]/DIV[1]/DIV[3]/UL[1]/LI[6]/A[1]"]], "state104": [], "state97": [["xpath /HTML[1]/BODY[1]/DIV[1]/DIV[4]/FORM[2]/TABLE[1]/TBODY[1]/TR[2]/TD[6]/A[1]", "xpath /HTML[1]/BODY[1]/DIV[1]/DIV[4]/FORM[2]/INPUT[2]", "xpath /HTML[1]/BODY[1]/DIV[1]/DIV[2]/UL[1]/LI[1]/A[2]"]], "state96": [["xpath /HTML[1]/BODY[1]/DIV[1]/DIV[4]/FORM[2]/TABLE[1]/TBODY[1]/TR[2]/TD[6]/A[1]", "xpath /HTML[1]/BODY[1]/DIV[1]/DIV[4]/FORM[2]/INPUT[2]"]], "state95": [["xpath /HTML[1]/BODY[1]/DIV[1]/DIV[4]/FORM[2]/TABLE[1]/TBODY[1]/TR[2]/TD[6]/A[1]"]], "state301": [["xpath /HTML[1]/BODY[1]/DIV[1]/DIV[4]/FORM[2]/TABLE[1]/TBODY[1]/TR[9]/TD[6]/A[1]"]], "state425": [["xpath /HTML[1]/BODY[1]/DIV[1]/DIV[4]/FORM[2]/TABLE[1]/TBODY[1]/TR[9]/TD[6]/A[1]", "xpath /HTML[1]/BODY[1]/DIV[1]/DIV[4]/FORM[2]/INPUT[2]"]], "state192": [["xpath /HTML[1]/BODY[1]/DIV[1]/DIV[4]/FORM[2]/TABLE[1]/TBODY[1]/TR[2]/TD[6]/A[1]", "xpath /HTML[1]/BODY[1]/DIV[1]/DIV[4]/I[1]/A[1]", "xpath /HTML[1]/BODY[1]/DIV[1]/DIV[4]/FORM[2]/TABLE[1]/TBODY[1]/TR[9]/TD[6]/A[1]"]], "state145": [["xpath /HTML[1]/BODY[1]/DIV[1]/DIV[4]/FORM[2]/TABLE[1]/TBODY[1]/TR[2]/TD[6]/A[1]", "xpath /HTML[1]/BODY[1]/DIV[1]/DIV[4]/I[1]/A[1]"]], "state389": [["xpath /HTML[1]/BODY[1]/DIV[1]/DIV[4]/FORM[2]/TABLE[1]/TBODY[1]/TR[2]/TD[6]/A[1]", "xpath /HTML[1]/BODY[1]/DIV[1]/DIV[4]/I[1]/A[1]", "xpath /HTML[1]/BODY[1]/DIV[1]/DIV[4]/FORM[2]/TABLE[1]/TBODY[1]/TR[5]/TD[8]/A[1]", "xpath /HTML[1]/BODY[1]/DIV[1]/DIV[4]/FORM[2]/DIV[2]/INPUT[1]"]], "state388": [["xpath /HTML[1]/BODY[1]/DIV[1]/DIV[4]/FORM[2]/TABLE[1]/TBODY[1]/TR[2]/TD[6]/A[1]", "xpath /HTML[1]/BODY[1]/DIV[1]/DIV[4]/I[1]/A[1]", "xpath /HTML[1]/BODY[1]/DIV[1]/DIV[4]/FORM[2]/TABLE[1]/TBODY[1]/TR[5]/TD[8]/A[1]"]], "state148": [["xpath /HTML[1]/BODY[1]/DIV[1]/DIV[4]/FORM[2]/TABLE[1]/TBODY[1]/TR[3]/TD[6]/A[1]"]], "state280": [], "state6": [["xpath /HTML[1]/BODY[1]/DIV[1]/DIV[4]/FORM[2]/TABLE[1]/TBODY[1]/TR[6]/TD[7]/A[1]"], ["xpath /HTML[1]/BODY[1]/DIV[1]/DIV[4]/FORM[2]/TABLE[1]/TBODY[1]/TR[2]/TD[6]/A[1]", "xpath /HTML[1]/BODY[1]/DIV[1]/DIV[4]/I[1]/A[1]", "xpath /HTML[1]/BODY[1]/DIV[1]/DIV[3]/UL[1]/LI[2]/A[1]"], ["xpath /HTML[1]/BODY[1]/DIV[1]/DIV[4]/FORM[2]/TABLE[1]/TBODY[1]/TR[2]/TD[6]/A[1]", "xpath /HTML[1]/BODY[1]/DIV[1]/DIV[4]/FORM[1]/INPUT[2]"], ["xpath /HTML[1]/BODY[1]/DIV[1]/DIV[4]/FORM[2]/TABLE[1]/TBODY[1]/TR[9]/TD[6]/A[1]", "xpath /HTML[1]/BODY[1]/DIV[1]/DIV[4]/FORM[1]/INPUT[2]"]]}